URL,Position,Domain,Title
https://www.stadt-zuerich.ch/sd/de/index/familien_kinder_jugendliche/kinderbetreuung/suche/Ferienangebote.html,1,www.stadt-zuerich.ch,Ferienangebote - Stadt Zürich
https://www.zsf.ch/,1,www.zsf.ch,Stiftung ZÜRCHER SCHÜLERFERIEN: ZSF
https://www.stadt-zuerich.ch/ssd/de/index/sport/sport-fuer-kinder-jugendliche/sportlager.html,2,www.stadt-zuerich.ch,Sportlager - Stadt Zürich
https://www.kihz.uzh.ch/de/kihz-ferien.html,2,www.kihz.uzh.ch,kihz Ferienbetreuung - UZH
https://www.zh.ch/de/sport-kultur/sport/kinder-jugendsport/jugendsportcamps.html,2,www.zh.ch,Jugendsportcamps | Kanton Zürich
https://xlabs.ch/de/zuerich/ferienkurse,3,xlabs.ch,Ferienkurse - X Labs Zurich
https://www.fuerslebengut.ch/kinder-haben-viel-mehr-ferien-als-ihre-eltern-was-tun/,3,www.fuerslebengut.ch,Kinder haben viel mehr Ferien als ihre Eltern - fürs Leben gut
https://lolabrause.ch/veranstaltungen/ferienangebote/,4,lolabrause.ch,Ferienangebote für Kinder in der Schweiz - Zürich - Lolabrause
https://juvigo.ch/de/feriencamps/feriencamps-zuerich,4,juvigo.ch,Feriencamps Zürich 2022 - Mit Juvigo ins Ferienlager
https://www.projuventute.ch/de/eltern/freizeit-ferien/ferienplausch-zuerich,4,www.projuventute.ch,Ferienplausch Zürich und Umgebung - Pro Juventute
https://www.kidsco.ch/ferienbetreuung,5,www.kidsco.ch,kids & co Ferienbetreuung
https://www.schoeb-events.ch/ferien-events/angebot/,7,www.schoeb-events.ch,Ferienbetreuung Angebot - Schöb Events
https://ferienprogramm.ch/,8,ferienprogramm.ch,Ferienprogramm.ch: Anstehende Veranstaltungen
https://www.kindaling.de/ferien/zuerich,8,www.kindaling.de,Feriencamps und Ferienfreizeiten für Kinder in Zürich
https://zuerifiesch.ch/,8,zuerifiesch.ch,Zürcher Sportferienlager Fiesch
https://lfz.ch/de/home-2-2/dienstleistungen/ferienbetreuung/,9,lfz.ch,Ferienbetreuung - Lycée Français de Zurich - DE
https://www.kinder-camps.ch/,9,www.kinder-camps.ch,Kinder-Camps
https://www.fliplab.ch/zurich/feriencamp/,9,www.fliplab.ch,Das ultimative FerienCamp im Trampolinpark - FLIP LAB Zürich
https://www.zoo.ch/de/erlebnisse-im-zoo/erlebnisse/ferienangebote-fuer-kinder,10,www.zoo.ch,Ferienangebote für Kinder - Zoo Zürich
https://www.wwf.ch/de/projekte/erlebnisse-die-bleiben-die-wwf-ferienlager,10,www.wwf.ch,"Erlebnisse, die bleiben: Die WWF-Ferienlager"
https://famigros.migros.ch/de/ausfluege-und-freizeit/familienferien/ferienkurse-fuer-kinder,11,famigros.migros.ch,Kinder-Ferienkurse und Camps - Famigros
https://ethz.ch/staffnet/de/anstellung-und-arbeit/arbeitsumfeld/diversity/angebote-und-beratung/kinder/ferienspass.html,11,ethz.ch,Ferienangebote – Staffnet - ETH Zürich
https://www.schneezueri.ch/,12,www.schneezueri.ch,"Skilager und Snowboardcamps den Weihnachtsferien, den ..."
https://www.dinsle-montessori.ch/angebot/betreuung,13,www.dinsle-montessori.ch,Betreuung - d'Insle Montessori-Schule - Zürich
https://www.jugendsportcamps.ch/,13,www.jugendsportcamps.ch,Jugendsportcamps
https://solinetz-zh.ch/projekte/ferienwoche/,14,solinetz-zh.ch,Ferienwoche - Solinetz Zürich
https://www.schoeb-events.ch/herbstferien-region-zuerich/,14,www.schoeb-events.ch,Herbstferien Region Zürich - Schöb Events
https://www.swissinternationalschool.ch/de-CH/Schulorte/Zuerich/Tagesschulangebote/Ferienbetreuung,14,www.swissinternationalschool.ch,Ferienbetreuung - SIS Zürich - SIS Swiss International School
https://www.srk-zuerich.ch/mitmachen/jrk/gemeinsam-gestalten,15,www.srk-zuerich.ch,Ermögliche Jugendlichen eine kreative Ferienwoche
https://www.milandia.ch/sport-freizeit/familien-kinder/feriencamp/,15,www.milandia.ch,FerienCamp: Für unvergessliche Ferientage! - Milandia
https://www.plantsciences.uzh.ch/de/outreach/ferienlager.html,16,www.plantsciences.uzh.ch,Ferienlager - Zurich-Basel Plant Science Center - UZH
https://insieme-zuerich.ch/angebote/ferien-fuer-behinderte,16,insieme-zuerich.ch,Ferien - Freizeitangebote für Menschen mit einer Behinderung
https://www.kihz.uzh.ch/de/kihz-ferien/ferien-programm.html,16,www.kihz.uzh.ch,Programm 2022 - Stiftung kihz - UZH
https://explorit.ch/de/volketswil/kidsclub/feriencamp/,17,explorit.ch,Feriencamp in Volketswil Zürich - EXPLORiT
https://www.lipschule.ch/en/lipschule-agenda/,18,www.lipschule.ch,"Private all-day school Zurich agenda activities, events"
https://www.skateacademy.ch/FERIENCAMPS/,18,www.skateacademy.ch,FERIENCAMPS - STRICKER FREESTYLE SPORTS GMBH
https://www.camprock.ch/,18,www.camprock.ch,Camp Rock | Ferienlager für Kinder und Teenager
https://www.allegradesign.ch/,19,www.allegradesign.ch,"Allegra Design: Fashion Design Camps, DIY Events ..."
https://salzh.ch/anmeldung-ferienhort/,19,salzh.ch,Anmeldung Ferienhort - Schulalternative Zürich (SalZH)
https://www.familienleben.ch/freizeit/ferien-reisen/ferienpassideen-fuer-die-herbstferien-2802,19,www.familienleben.ch,Ferienprogramm gesucht? Workshops & Camps für die ...
https://www.zsf.ch/ueber-uns/leitgedanke-und-konzept/,20,www.zsf.ch,Leitgedanke und Konzept
https://www.kinderlager.ch/,20,www.kinderlager.ch,"kinderlager.ch - Ferienlager für Kinder (Pfila, Sola, Hela)"
https://mental-stark4.com/angebot-mental-stark4/kurse-und-trainings/sport-mental-camps-fuer-kids/,20,mental-stark4.com,Sport Feriencamps für Kinder und Teenager in Zürich
https://www.tandem-ims.ch/de/school-holidays,21,www.tandem-ims.ch,School Holidays - schulferien - Tandem IMS
https://kikuka.ch/veranstalter/COOL-TUR%20%E2%80%93%20Ferienkurse%20f%C3%BCr%20Kinder,21,kikuka.ch,COOL-TUR – Ferienkurse für Kinder - KiKuKa
https://www.cerebral-zuerich.ch/de/angebote,22,www.cerebral-zuerich.ch,Angebote - Vereinigung Cerebral Zürich
https://www.lakesideschool.ch/de/,22,www.lakesideschool.ch,Lakeside - Lakesideschool - Deutsch
https://www.schule-ilef.ch/ferienplan,23,www.schule-ilef.ch,Ferienplan - Schule Illnau-Effretikon
https://www.qurs.ch/0007r-2018-5-schach-feriencamp-in-oerlikon.html,23,www.qurs.ch,Schach Feriencamp in Zürich Oerlikon - Qurs.ch
http://www.gemeinderat-zuerich.ch/DocumentLoader.aspx?lib=doc&ID=84379f1c-3d89-4eb6-989e-166cf5abc11b&Title=2022_0311.pdf,23,www.gemeinderat-zuerich.ch,Weisung des Stadtrats an den Gemeinderat
https://www.troll-waldkinder.ch/de/waldkindergarten,24,www.troll-waldkinder.ch,waldkindergarten - Troll Kinder im Wald
https://www.profussballevent.ch/anmeldung/fussballcamps-2021.html,24,www.profussballevent.ch,Fussballcamps 2022 | Fussballcamp
https://www.erlebnis-fahrten.ch/ferienlager/,25,www.erlebnis-fahrten.ch,Ferienlager mit Erlebnispädagogik - Erlebnisfahrten
https://www.adliswil.ch/dienstleistungen/49055,25,www.adliswil.ch,Ferienbetreuung - Stadt Adliswil
https://www.fokuscamps.com/englisch-camp-z%C3%BCrich,25,www.fokuscamps.com,Englisch camps Zürich
https://www.kindersportwoche.ch/,26,www.kindersportwoche.ch,KinderSportWoche
https://www.local.ch/de/q/zuerich/ferienlager?slot=yellow,26,www.local.ch,Ferienlager in Zuerich - 4 Treffer - local.ch
https://www.myjob.ch/job/betreuerinnen-fuer-unsere-ferienwochen-1-3-wochen-pro-jahr/300029,27,www.myjob.ch,Betreuerinnen für unsere Ferienwochen (1 - 3 Wochen pro Jahr)
https://www.zentrumelch.ch/familienzentren-zuerich-elch/regensbergstrasse/angebote/detail/kinderbetreuung-in-den-herbstferien-2,28,www.zentrumelch.ch,Kinderbetreuung in den Herbstferien - Verein ELCH für Eltere ...
https://chess4kids.ch/,28,chess4kids.ch,Interaktiver Schach Unterricht & Feriencamps für Kinder
https://www.metzenthin.ch/de/kurse/ferienkurse.html,29,www.metzenthin.ch,Ferienkurse - Kinder- & Jugendtheater Metzenthin
https://es-la.facebook.com/pages/category/Day-Care/schoebevents/posts/,29,es-la.facebook.com,Schöb Events - Publicaciones - Facebook
https://www.littlescientists.ch/event-details-registration/robotics-and-programming-holiday-camp-at-dandelion-school-in-zurich?lang=de,29,www.littlescientists.ch,Zürich - Ferienlager - Robotik und Programmierung
https://www.zuerich-schule-berlin.de/index.php/informationen/aktuelles/50-aktuelles-zum-hort,30,www.zuerich-schule-berlin.de,Aktuelles zum Hort - Zürich Grundschule
https://www.moving-sportcamps.ch/,30,www.moving-sportcamps.ch,moving Sportcamps: Feriencamps für Kinder
https://zuerich.krebsliga.ch/beratung-therapie/krebsbetroffene-kinder-und-jugendliche/ferienwoche-erlebnislager,30,zuerich.krebsliga.ch,Ferienwoche-Erlebnislager - Krebsliga Zürich
https://www.primarschule-uster.ch/ferienplan,31,www.primarschule-uster.ch,Ferienplan - Primarschule Uster
https://stadt.winterthur.ch/themen/leben-in-winterthur/freizeit-und-sport/sport/feriensport-fuer-jugendliche/weitere-ferienangebote,31,stadt.winterthur.ch,Weitere Ferienangebote - Stadt Winterthur
https://www.insiemezo.ch/de/Ferien.html,32,www.insiemezo.ch,Ferienwochen und Wochenenden für Erwachsene
https://ch.jooble.org/jobs-ferienbetreuung,32,ch.jooble.org,Ferienbetreuung - September 2022 - Jobsuche mit Jooble.ch
https://www.gcz.ch/kids/gc-kids-camp/informationen/,32,www.gcz.ch,Informationen | Grasshopper Club Zürich
https://www.schulewehntal.ch/agenda/ferienplan.html,33,www.schulewehntal.ch,Ferienplan - Schule Wehntal
https://kidscorner.ch/ferien/lager.html,33,kidscorner.ch,"Ferien mit Kindern in Ferienlagern, Sportlagern ... - Kidscorner"
https://www.buchwiesen.ch/,34,www.buchwiesen.ch,Schule Buchwiesen
https://www.sah-schweiz.ch/angebote/kinderferienlager.html,34,www.sah-schweiz.ch,Kinderferienlager - SAH Schweiz
https://www.zuerichfamilie.ch/N101965/feriencamps-tipps-zur-organisation.html?M=157682,34,www.zuerichfamilie.ch,Feriencamps - Tipps zur Organisation - Zürich Familie
https://docplayer.org/160720304-33-zuercher-sport-ferienlager-fiesch-oktober-schlussbericht.html,35,docplayer.org,33. Zürcher Sport-Ferienlager Fiesch Oktober Schlussbericht
https://www.duebendorf.ch/_docn/1984057/Familienbroschure_Deutsch_Francais.pdf,35,www.duebendorf.ch,DÜBENDORF FÜR FAMILIEN
https://www.info-shop.ch/directory/categories/ferien,36,www.info-shop.ch,Ferien - JOB SHOP / INFO SHOP
https://www.houseofkids.ch/de/eltern-ressourcen/kalender/,36,www.houseofkids.ch,Kalender - Montessori House of Kids
https://zurich.momizen.com/de-ch/blog/best-camps-around-zurich/,37,zurich.momizen.com,Die besten Day Camps rund um Zürich - Momizen
https://elternrat-waidhalde.ch/2019/06/neuerungen-in-der-betreuung-auf-das-neue-schuljahr-2019-20/,37,elternrat-waidhalde.ch,Neuerungen in der Betreuung auf das neue Schuljahr 2019/20
https://www.bolderhof.ch/ferienlager-jetzt-anmelden/,37,www.bolderhof.ch,Ferienlager – jetzt anmelden! - Bolderhof
https://sportcenterschumacher.ch/kidstennis/feriencamps/,38,sportcenterschumacher.ch,Kidstennis Feriencamps - Sportcenter Schumacher
https://chinder-lager.ch/ferienlager/herbstlager/,38,chinder-lager.ch,Herbstlager - chinder-lager.ch
https://stadt.winterthur.ch/themen/leben-in-winterthur/bildung-und-schule/schulerganzende-betreuung/ferienbetreuung,38,stadt.winterthur.ch,Ferienbetreuung - Stadt Winterthur
https://de.zis.ch/one-zis-community/vacation-and-community-programs,39,de.zis.ch,Ferien- und Community-Programme - ZIS
https://www.youngeng.ch/freizeitprogramme/camp/,39,www.youngeng.ch,Young Engineers LEGO® Camp - Freizeitprogramme
https://www.professional.ch/jobs/inserat/989616-betreuerinnen-fur-unsere-ferienwochen-1-3-wochen-pro-jahr,40,www.professional.ch,Betreuerinnen für unsere Ferienwochen (1 - 3 Wochen pro Jahr)
https://www.sfks.ch/projekte/herbstferienlager-aventura-grischun-tschamut-gr/,40,www.sfks.ch,Herbstferienlager Aventura Grischun Tschamut GR
https://www.icf.church/zuerich/de/camps/,40,www.icf.church,Camps – Echte Gemeinschaft erleben – ICF Church – Zürich
https://www.ferienplausch-uster.ch/,41,www.ferienplausch-uster.ch,Ferienplausch Bezirk Uster
https://blaueskreuz.ch/ferienlager,41,blaueskreuz.ch,Ferienlager - Blaues Kreuz Schweiz
https://www.zuerichfamilie.ch/N105706/intersoccer-fussballschule.html,41,www.zuerichfamilie.ch,InterSoccer - Zürich - Fussballschule - Fussballcamps
https://sunnemaetteli.heilsarmee.ch/,42,sunnemaetteli.heilsarmee.ch,Willkommen im Sunnemätteli - Entlastungsheim Sunnemätteli
https://futurekids.io/activities/feriencamps,42,futurekids.io,Feriencamps - Futurekids
https://www.srf.ch/news/regional/zuerich-schaffhausen/ferienlager-fiesch-wenn-700-jugendliche-an-einem-ort-ferien-machen,42,www.srf.ch,Ferienlager Fiesch - Wenn 700 Jugendliche an einem Ort ...
https://docplayer.org/209584974-Ferienbetreuung-schenken-sie-ihrem-kind-eine-auszeit-mit-profawo-zuerich-3-bis-7-mai-2021.html,43,docplayer.org,Ferienbetreuung. Schenken Sie Ihrem Kind eine Auszeit mit profawo ...
https://www.horgen.ch/dienstleistungen/30418,43,www.horgen.ch,Jugendsportcamps - Gemeinde Horgen
https://filmkids.ch/,43,filmkids.ch,Filmkids – Filmschule für Kinder und Jugendliche
https://www.ag.ch/de/verwaltung/bks/sport/jugendsportcamps,44,www.ag.ch,Jugendsportcamps - Kanton Aargau
https://basler-ferienpass.ch/,44,basler-ferienpass.ch,Basler Ferienpass: Willkommen
https://hausfeen.ch/ferienbetreuung/,44,hausfeen.ch,Ferienbetreuung Ihrer Haustiere und Wohnung ... - Hausfeen.ch
https://www.caritas-zuerich.ch/dms/file/NDU1Nw%3D%3D/2021-Flyer-Ferienwoche.pdf,45,www.caritas-zuerich.ch,Ferientage für Familien - Caritas Zürich
http://www.ps-mettmenstetten.ch/elterninformationen/ferienplane/,45,www.ps-mettmenstetten.ch,Ferienpläne - Primarschule Mettmenstetten
https://www.logiscool.com/ch/programs/camps,45,www.logiscool.com,Feriencamps - Logiscool Schweiz
https://www.schule-winkel.ch/,46,www.schule-winkel.ch,Schule Winkel
https://www.satw.ch/de/educamint/mint-angebote?tx_educamint_offer%5BfilterOffers%5D%5BactiveSearch%5D=1&tx_educamint_offer%5BfilterOffers%5D%5BL%5D=0&tx_educamint_offer%5BfilterOffers%5D%5Bofferlocation%5D=&tx_educamint_offer%5BfilterOffers%5D%5Boffertype%5D%5B0%5D=17&tx_educamint_offer%5BfilterOffers%5D%5Bsearchword%5D=lager&tx_educamint_offer%5BfilterOffers%5D%5BstoragePid%5D=128&tx_educamint_offer%5BfilterOffers%5D%5Bsubjectarea%5D=&tx_educamint_offer%5BfilterOffers%5D%5Btargetgroup%5D%5B0%5D=3&cHash=5557ec0ac3368be4426b8a371fc270d3,46,www.satw.ch,MINT-Angebote - SATW
https://kovive.ch/was-wir-machen/camps-fuer-kinder-und-jugendliche-in-der-schweiz/,47,kovive.ch,Kovive-Camps für Kinder und Jugendliche in der Schweiz
https://www.kindergarten-montessori.ch/,47,www.kindergarten-montessori.ch,Montessori Kindergarten Sonne
https://www.tuugo.ch/Companies/feriencamps/0280003581142,48,www.tuugo.ch,• Feriencamps • Zürich • - tuugo.ch
https://www.fit4future-camps.ch/de/sportcamp-zug-herbst.html,48,www.fit4future-camps.ch,Sportcamp Zug (Herbst) - «fit4future» Sportcamps
https://www.premiumswitzerland.com/de/sommercamps-schweiz.htm,48,www.premiumswitzerland.com,Sommercamps Schweiz - Premium Switzerland
http://www.footballacademy.ch/wufa-feriencamp-sommer-2011/index.html,49,www.footballacademy.ch,WUFA FERIENCAMPS - WORLD UNITED Football Academy
https://tel.search.ch/zuerich/baumackerstrasse-53/zuercher-schuelerferien,49,tel.search.ch,"Zürcher Schülerferien, Stiftung in Zürich - search.ch"
https://www.tagesstern.ch/wettingen/schulferien-betreuung/herbstferien-2016-rueckblick/,49,www.tagesstern.ch,Herbstferien 2016 Rückblick - Schulferienbetreuung / ZAG-Tage
https://montessori-kinderhaus-zurichberg.ch/home/angebot/,50,montessori-kinderhaus-zurichberg.ch,Unser Angebot - Montessori Kinderhaus
https://www.propertycare.ch/haus-und-garten/,51,www.propertycare.ch,Betreuung von Haus und Garten - Property Care GmbH
https://www.kinderthur.ch/ferienprogramm/,51,www.kinderthur.ch,Ferienprogramm - Kinderthur
https://www.reka-ferienhilfe.ch/angebot,51,www.reka-ferienhilfe.ch,"Unser Angebot für Familien, Alleinerziehende und Lager"
https://rietberg-montessori.ch/images/rms/schulgeldreglement/Schultarif.pdf,52,rietberg-montessori.ch,SCHULTARIF Schuljahr 2022/23 - Rietberg Montessori Schule
https://creativearts.heilsarmee.ch/wp-content/uploads/sites/168/2021/01/All-Inclusive-Ferienlager-Web.pdf,52,creativearts.heilsarmee.ch,All inclusive - Heilsarmee Schweiz
https://mamiexpress.ch/service/tierbetreuung/,53,mamiexpress.ch,Tierbetreuung - Mamiexpress
https://maxicamps.ch/de/,53,maxicamps.ch,Feriensprachcamps - Ferienlager - Schweiz
https://www.nau.ch/ort/zurich/sport-ferienlager-fiesch-erstmals-in-zurich-65958785,54,www.nau.ch,Sport-Ferienlager Fiesch erstmals in Zürich - Nau.ch
https://www.profawo.ch/jobs,54,www.profawo.ch,Jobs - profawo.ch
https://www.frilingue.ch/,54,www.frilingue.ch,Sprachaufenthalt in der Schweiz | Sprachreisen für Jugendliche
https://www.obs.schule/,55,www.obs.schule,Startseite - OBS Obersee Bilingual School
https://insieme.ch/thema/freizeit/ferien-und-freizeitangebote/,55,insieme.ch,Ferien und Freizeitangebote | insieme.ch
https://www.limmattalerzeitung.ch/limmattal/zuerich/jugendsportcamps-verbinden-kampf-gegen-ubergewicht-mit-ferienlager-stimmung-ld.1829524,56,www.limmattalerzeitung.ch,Jugendsportcamps verbinden Kampf gegen Übergewicht mit ...
https://ggzferienpass.ch/,56,ggzferienpass.ch,GGZ Ferienpass
https://ferien.kihz.ch/?l=de,56,ferien.kihz.ch,Anmeldung kihz Ferienbetreuung - UZH
https://www.judithchristen.ch/,57,www.judithchristen.ch,Judith Christen: Malkurse Region Zürich Baden Brugg Aargau
https://www.igkinderwerkstatt.ch/,58,www.igkinderwerkstatt.ch,IG Kinderwerkstatt: KINDERWERKSTATT - MONTESSORI ...
https://www.sportanlage-sonnenberg.ch/camps/tennis-camps/,58,www.sportanlage-sonnenberg.ch,ferien tennis-camps auf der Sportanlage Sonnenberg
https://ms-my.facebook.com/Stiftung-Z%C3%BCrcher-Sch%C3%BClerferien-ZSF-101065152406486/posts/?ref=page_internal,58,ms-my.facebook.com,Stiftung Zürcher Schülerferien ZSF sedang berasa hebat.
https://www.schule-dandelion.ch/kindergarten/,59,www.schule-dandelion.ch,Kindergarten | Privatschule DANDELION Zürich
https://www.efswiss.ch/de/pg/ferienlager/,59,www.efswiss.ch,Ferienlager 2022 | EF Ferienlager für Kinder und Schüler
https://reiseziele.ch/sport-ferienlager-in-fiesch-im-oberwallis/,60,reiseziele.ch,Sport-Ferienlager in Fiesch im Oberwallis - reiseziele.ch
https://www.linguee.de/deutsch-franzoesisch/uebersetzung/fr%C3%BChlingsferien.html,60,www.linguee.de,Frühlingsferien - Französisch-Übersetzung - Linguee
https://www.lokalinfo.ch/news/artikel/unterstuetzung-sport-ferienlager-fuer-die-jahre-2017-bis-2020/,61,www.lokalinfo.ch,Unterstützung Sport-Ferienlager für die Jahre 2017 bis 2020
https://kitaclub.ch/kita/z%C3%BCrich/little-learners-pre-n%27-playschool-%7C-afterschool-club/ZzgYDp,61,kitaclub.ch,Little Learners Pre n' Playschool | Afterschool Club - Kitaclub
http://www.kinderkids.ch/info3,62,www.kinderkids.ch,Infos - Kinderkids
https://www.wakita.ch/blog/categories/natur,62,www.wakita.ch,Natur - WaKiTa
https://www.liliput.ch/inserate/102819?page=5,63,www.liliput.ch,AquaKidz Intensiv-Schwimmkurse / Ferienkurse - Liliput.ch
https://www.reiten-total.ch/reitferien-schweiz/,64,www.reiten-total.ch,die schönsten Reitferien der Schweiz - Reiten Total
https://www.kinderthur.ch/2020/01/13/ferienprogramm/,64,www.kinderthur.ch,Sportferien schon organisiert? - Kinderthur
https://www.senseofjoy.ch/,65,www.senseofjoy.ch,Senseofjoy.ch Katzenbetreuung Bülach und Zürich Unterland ...
https://www.computercamp.li/,65,www.computercamp.li,ComputerCamp: Computerkurse im Ferienlager für Kinder ...
https://www.schule.wallisellen.ch/angebot/sportfreizeit/jugendsportcamps,65,www.schule.wallisellen.ch,Jugendsportcamps - Schule Wallisellen
https://educampus.ch/,66,educampus.ch,"educampus | Tagesstruktur, Mittagstisch und ..."
https://www.plusport.ch/de/sport/breitensport/sportcamps/,66,www.plusport.ch,110 Sportlager jährlich in der Schweiz - PluSport
https://www.sfks.ch/,66,www.sfks.ch,STIFTUNG FERIENGESTALTUNG FÜR KINDER SCHWEIZ ...
https://www.robomatik.ch/,67,www.robomatik.ch,"Robotik Kurse in Baden, Bern und Zürich - Club Robo Matik ..."
http://feriencamps.ch/,67,feriencamps.ch,feriencamps.ch
https://arche-calimero.ch/wp/,67,arche-calimero.ch,"Kita Arche Calimero - Kita & Hort in Tuggen, Kaltbrunn ..."
https://www.digitalkidz.ch/agenda/liste-des-camps-dautomne/?lang=de,68,www.digitalkidz.ch,Herbst Feriencamps - Digital Kidz
https://steinerschule-zuerich.ch/wp-content/uploads/2013/09/August_2013_RSS_Kompass.pdf,68,steinerschule-zuerich.ch,Herzlich Willkommen an der Rudolf Steiner Schule Zürich
https://www.faeger.ch/de/startseite-1.html,68,www.faeger.ch,"FÄGER, Berner Ferien- und Freizeitaktion - FÄGER"
https://zh-cn.facebook.com/pages/Stiftung-Z%C3%BCrcher-Sch%C3%BClerferien-ZSF/101065152406486,69,zh-cn.facebook.com,Stiftung Zürcher Schülerferien ZSF - 首页 | Facebook
https://adressverzeichnis.sozialearbeit.zhaw.ch/Detail/Index/Stiftung_Zuercher_Schuelerferien--Zuerich-93d0a440-bc44-e311-8b4f-005056a606f6,69,adressverzeichnis.sozialearbeit.zhaw.ch,Stiftung Zürcher Schülerferien - Detail - Soziale Arbeit - ZHAW
https://nicelocal.ch/zurich/education/privatschule_dandelion/price/,69,nicelocal.ch,Preise bei Privatschule Dandelion – Bildung - Nicelocal.ch
http://tagesstrukturen-endingen.ch/fileadmin/user_upload/Dokumente/Downloads/2016/Lengnau/Begleitbrief_Lengnau_SJ16_17.pdf,70,tagesstrukturen-endingen.ch,Liebe Eltern - Tagesstrukturen Surbtal
https://www.muskelgesellschaft.ch/lager-freizeit/,70,www.muskelgesellschaft.ch,Lager & Freizeit - Muskelgesellschaft
https://www.filacro.ch/kurse/ferien-kurse,71,www.filacro.ch,Ferien-Kurse: filacro GmbH
https://www.littlescientists.ch/?lang=de,71,www.littlescientists.ch,Home | Welcome to Little Scientists
https://www.nzz.ch/panorama/wenn-sommerferien-fuer-eltern-zum-albtraum-werden-ld.1489121,71,www.nzz.ch,In Italien dauern die Schulferien drei Monate. Was wie ... - NZZ
https://de.pons.com/%C3%BCbersetzung/deutsch-englisch/Fr%C3%BChlingsferien,72,de.pons.com,Deutsch-Englisch Übersetzung - Frühlingsferien - PONS
https://www.schule-kuesnacht.ch/allgemeines/ferienplaene/p-362/,72,www.schule-kuesnacht.ch,Ferienpläne - Schule Küsnacht
https://filolo.ch/de/sprachcamps/schweiz-herbstferien,72,filolo.ch,Sprachcamp Herbst: Französisch & Englisch Camp für Schüler
https://www.jugend-zug.ch/freizeit-kultur/ferien-reisen/,73,www.jugend-zug.ch,Ferien / Reisen - Jugend Zug
"https://ch.indeed.com/Betreuerin-Ausbildung-Oder-Jobs-in-D%C3%BCbendorf,-ZH",73,ch.indeed.com,"Betreuerin Ausbildung Oder Jobs in Dübendorf, ZH - Indeed.ch"
https://www.kindergarten-montessori.ch/assets/downloads/Betriebsferien.pdf,73,www.kindergarten-montessori.ch,Betriebsferien Feiertage - Montessori Kindergarten Sonne
https://phzh.ch/de/ueber-uns/Stellenportal/,74,phzh.ch,Stellenportal PHZH - Stellenangebote
https://www.schule-bubikon.ch/p22009634.html,74,www.schule-bubikon.ch,Ferienbetreuung - Schule Bubikon
https://www.mamilade.ch/ausflugstipps/schlechtwetter,75,www.mamilade.ch,Ausflüge bei Regen - Schlechtwetterprogramm - Mamilade.ch
http://www.insieme-ferienportal.ch/,75,www.insieme-ferienportal.ch,Startseite - www.insieme-ferienportal.ch
https://www.eckuesnacht.ch/ferienkurse/,76,www.eckuesnacht.ch,Ferienkurse - ECK
https://www.rgzh.ch/ferienplan,76,www.rgzh.ch,Ferienplan/Feiertage - Realgymnasium Rämibühl Zürich
https://www.procap-reisen.ch/reisen/ferienkatalog/,76,www.procap-reisen.ch,Ferienkatalog - Procap Reisen & Sport
https://naturschutz.ch/tipps/erleben/jugend-ferienlager/19395,77,naturschutz.ch,Jugend Ferienlager - Naturschutz.ch
https://www.reiten-total.ch/reitangebote-schweiz/,77,www.reiten-total.ch,Reitangebote Schweiz - die schönsten Angebote - Reiten Total
https://www.myfarm.ch/de/kinderferien,78,www.myfarm.ch,Kinderferien auf dem Bauernhof - Agrotourismus Schweiz
https://kindervilla.ch/samichlaus-besuch-vom-7-dezember-2019/,78,kindervilla.ch,Samichlaus-Besuch vom 7. Dezember 2019
https://www.rekja.ch/rekja-wAssets/docs/Jahresberichte-/P20102-Jahresbericht-Rekja-2019-A5-Druck-definitiv.pdf,79,www.rekja.ch,"Jahresbericht 2019 rekja Moosseedorf, Urtenen-Schönbühl ..."
https://www.lernhilfe-winterthur.ch/feriencamp-ferienbetreuung-winterthur/,79,www.lernhilfe-winterthur.ch,Feriencamp - Lernhilfe Winterthur
https://techlabs.ch/de/summer-holiday-camps/,79,techlabs.ch,Feriencamps - TechLabs
https://littleyoga.ch/little-yoga/weeks/,80,littleyoga.ch,Little Yoga Ferienwochen - Little Yoga | Lil' Yoga
https://doczz.com.br/doc/1169344/herzlich-willkommen-an-der-rudolf-steiner-schule-z%C3%BCrich,80,doczz.com.br,Herzlich Willkommen an der Rudolf Steiner Schule ... - doczz
https://www.hirslanden.ch/de/corporate/kampagnen/covid-19-test.html,80,www.hirslanden.ch,Covid-19-Tests für unterschiedliche Bedürfnisse | Hirslanden
https://docs.google.com/spreadsheets/d/1wFSZUhFvPMorBI4RulWb_y9WLoJ6w1vu91UBcxKRu70/pubhtml/sheet?headers=false&gid=0,81,docs.google.com,"Kinderbetreuung Kt. Zürich, scraped - Google Drive"
https://www.fifamuseum.com/de/plan-your-visit/kids-families/holiday-offers/,81,www.fifamuseum.com,Ferienangebote - FIFA Museum Zürich
https://reka.ch/de,81,reka.ch,Reka-Geld & Reka-Ferien: Die Nr. 1 für Familienferien | Reka
https://de.readkong.com/page/vfb-ferienkalender-2020-der-ferienplaner-f-r-berufst-tige-4213504,82,de.readkong.com,VFB FERIENKALENDER 2020 - VFB FALLERSLEBEN
https://www.uster.ch/sportangebote/16133,82,www.uster.ch,Weitere Feriensportkurse - Stadt Uster
https://www.tagesstrukturen-surbtal.ch/fileadmin/user_upload/Dokumente/Downloads/2019/Allgemein/FAQ_Tagesstrukturen.pdf,83,www.tagesstrukturen-surbtal.ch,Tagesstrukturen Surbtal
https://www.lernhilfe-winterthur.ch/feriencamp-mehr-als-nur-betreuung/,83,www.lernhilfe-winterthur.ch,Feriencamp - mehr als „nur“ Betreuung - Lernhilfe Winterthur
https://docplayer.org/204613205-Kurse-fruehlingsferien-2021.html,83,docplayer.org,Kurse Frühlingsferien PDF Kostenfreier Download - DocPlayer
https://www.muelligen.ch/public/upload/assets/1312/Nr.%206%20vom%2030.%20Mai%202022.pdf?fp=1653899084750,84,www.muelligen.ch,MÜLLIGER BLATT
https://www.childs-fun-yoga.ch/kurse-ferienlager/,84,www.childs-fun-yoga.ch,Kurse/Ferienlager | Yogini Moves
https://www.ferien-camps.de/feriencamps-schweiz/,84,www.ferien-camps.de,Feriencamps in der Schweiz 2022 - Feriencamp Fuchs
https://insights.gostudent.org/schulferien-schweiz-2022,85,insights.gostudent.org,Schulferien in Schweiz 2022 - Alle Kantone in der Übersicht
https://www.stallikon.ch/public/upload/assets/2488/bps_30_Juli2020_Web.pdf?fp=1,85,www.stallikon.ch,Juli I 2020 - Gemeinde Stallikon
https://www.lyceum-alpinum.ch/de/feriencamp-schweiz/sommercamp/,85,www.lyceum-alpinum.ch,Sommercamp Schweiz für Kinder - Lyceum Alpinum Zuoz
https://www.xing.com/profile/Fiete_Schroeder,86,www.xing.com,Fiete Schröder - Allrounder - SuperBioMarkt AG | XING
https://www.hellofamily.ch/de/familienratgeber/familienleben/ferien-und-freizeit/ferienspass.html,86,www.hellofamily.ch,Ferienspass weg von zu Hause – Hello Family Club
https://www.weisslingen.ch/_rte/publikation/324370,87,www.weisslingen.ch,Mitteilungsblatt - Weisslingen
https://azslide.com/download/verordnung-ber-die-betreuung-und-verpflegung-der-schlerinnen-und-schler-hortvero_59eba71f1723dd00b55c2bb2.html,87,azslide.com,410.120 Verordnung über die Betreuung und Verpflegung der ...
https://www.codecampworld.ch/unsere-camps,88,www.codecampworld.ch,Angebot - Code Camp
https://www.casadata.ch/fileadmin/casadata.ch/redaktion/Konzepte/Rahmenkonzept_Schulheim_Elgg.pdf,88,www.casadata.ch,RAHMENKONZEPT - Casadata
http://sprungbrett.eu/documents/13_07_def_Fassung.pdf,89,sprungbrett.eu,Eltern-INFO Sommer 2013 / Parent's Information Summer 2013
https://www.tuugo.ch/Companies/zsf/0280003592341,89,www.tuugo.ch,• Zsf • Zürich •
https://sk8school.ch/,90,sk8school.ch,Die Schweizer Skateboardschule: SKATESCHOOL
https://www.fischlisports.ch/Tennisschule/Intensivkurse---Feriencamps.htm,90,www.fischlisports.ch,Intensivkurse & Feriencamps - Uster - Fischli Sports
https://www.schoolandcollegelistings.com/CH/Basel/366789193351939/Smartkids,90,www.schoolandcollegelistings.com,"Smartkids, Clarahofweg, Basel (2022)"
https://www.ruedenhausen.de/media/www.ruedenhausen.de/org/med_13530/40467_amtsblatt_12_2021.pdf,91,www.ruedenhausen.de,AMTSBLATT - der Verwaltungsgemeinschaft Wiesentheid
https://www.mssports.ch/,91,www.mssports.ch,mssports.ch: Home
https://www.osnabrueck.de/fileadmin/eigene_Dateien/Infodienst-Juni-2016.pdf,92,www.osnabrueck.de,Infodienst Juni 2016.indd - Stadt Osnabrück
https://www.cvjm-haus-altstetten.ch/,93,www.cvjm-haus-altstetten.ch,CVJM Haus Altstetten
https://www.cham.ch/_docn/2077400/Gemeindeinfo_75_web.pdf,93,www.cham.ch,Gemeindeinfo - Einwohnergemeinde Cham
https://chessacademy.ch/feriencamps-schach,94,chessacademy.ch,Schach Camp | Ferien Camp | Profi Camp | Kinder | Erwachsene
https://www.kuja-richterswil.ch/kuja/,94,www.kuja-richterswil.ch,Projekte und Events - kuja-richterswil.ch
https://www.stadtwil.ch/_docn/1192514/16-2_Schule_aktuell_Internet-Doppelseiten.pdf,94,www.stadtwil.ch,SCHULE AKTUELL - Stadt Wil
https://www.buelach.ch/fileadmin/files/documents/Gemeinderat/Traktanden/Unterlagen_Parlamentssitzung_vom_28.06.2021.pdf,95,www.buelach.ch,£ 27Mai 2021 Versand 26. MA 21 - Stadt Bülach
https://www.centro-magliaso.ch/,96,www.centro-magliaso.ch,Centro Magliaso
https://www.plusport.ch/de/sport/breitensport/sportcamps/sportcamps-programm/,96,www.plusport.ch,110 Sportlager jährlich in der Schweiz– PluSport
https://hochfelden.ch/hochfelden/dorfspiegel?file=files/hochfelden/downloads/dorfspiegel/Jahr_2019/Dorfspiegel_2019-6.pdf&cid=7012,96,hochfelden.ch,Dorfspiegel 6-19 - Gemeinde Hochfelden
https://www.bachenbuelach.ch/public/upload/assets/128/Dezember_2013_Nr_466.pdf?fp=1582757785912,97,www.bachenbuelach.ch,Lichterschein im Advent - Bachenbülach
https://www.fo-fotorotar.ch/fileadmin/fo-fotorotar/medien/Moenchaltorfer_Nachrichten/MoeNa_2020_06.pdf,98,www.fo-fotorotar.ch,«süss» - FO-Fotorotar
https://wp.vbg.net/vbg-shop/ferien-camps-und-kurse-der-vbg-programm-2022/,98,wp.vbg.net,"Ferien, Camps und Kurse der VBG (Programm 2022)"
https://www.sah-zh.ch/fileadmin/user_upload/Dateien_SAH_Website/News_Dokumente/SAH_Flyer_Sommer_und_Herbstlager_2021.pdf,98,www.sah-zh.ch,SAH_Flyer Sommer-Herbstlager 2021_2021 04 07_web
https://www.musicalcamp.ch/,99,www.musicalcamp.ch,MUSICALCAMP - Mehr als nur ein Ferienprogramm
https://www.fahrwerk-oe.ch/tourneeplan/,99,www.fahrwerk-oe.ch,Tourneeplan - Fahrwerk.ö! | Die rollende Theaterwerkstatt
https://english-camp.ch/,100,english-camp.ch,English Camp: Infos
https://issuu.com/schuleadliswil/docs/schulzeitung_internet_d9718f067e7cea,100,issuu.com,Januar_2019_Schulzeitung by Schule Adliswil - Issuu
https://www.duebendorf.ch/_doc/1984054,100,www.duebendorf.ch,DÜBENDORF FÜR FAMILIEN
